<?xml version="1.0"?>
<!--
/**
 * @author Amasty Team
 * @copyright Copyright (c) 2017 Amasty (https://www.amasty.com)
 * @package Amasty_Fpccrawler
 */
-->
<config>
    <sections>
        <amfpccrawler translate="label" module="amfpccrawler">
            <label>Full Page Cache Crawler</label>
            <tab>amasty</tab>
            <frontend_type>text</frontend_type>
            <sort_order>62116</sort_order>
            <show_in_default>1</show_in_default>
            <show_in_website>0</show_in_website>
            <show_in_store>0</show_in_store>
            <groups>
                <general translate="label">
                    <label>General Settings</label>
                    <frontend_type>text</frontend_type>
                    <sort_order>10</sort_order>
                    <show_in_default>1</show_in_default>
                    <show_in_website>0</show_in_website>
                    <show_in_store>0</show_in_store>
                    <fields>
                        <enabled translate="label">
                            <label>Enable crawler</label>
                            <frontend_type>select</frontend_type>
                            <source_model>adminhtml/system_config_source_yesno</source_model>
                            <sort_order>10</sort_order>
                            <show_in_default>1</show_in_default>
                            <show_in_website>0</show_in_website>
                            <show_in_store>0</show_in_store>
                        </enabled>
                    </fields>
                </general>
                <processing translate="label">
                    <label>Page combinations</label>
                    <frontend_type>text</frontend_type>
                    <sort_order>10</sort_order>
                    <show_in_default>1</show_in_default>
                    <show_in_website>0</show_in_website>
                    <show_in_store>0</show_in_store>
                    <fields>
                        <customer_group_enabled translate="label">
                            <label>Switch customer groups</label>
                            <frontend_type>select</frontend_type>
                            <source_model>adminhtml/system_config_source_yesno</source_model>
                            <sort_order>20</sort_order>
                            <show_in_default>1</show_in_default>
                            <show_in_website>0</show_in_website>
                            <show_in_store>0</show_in_store>
                        </customer_group_enabled>
                        <customer_group translate="label">
                            <label>Customer Groups</label>
                            <frontend_type>multiselect</frontend_type>
                            <source_model>amfpccrawler/source_groups</source_model>
                            <sort_order>30</sort_order>
                            <show_in_default>1</show_in_default>
                            <show_in_website>0</show_in_website>
                            <show_in_store>0</show_in_store>
                            <depends>
                                <customer_group_enabled>1</customer_group_enabled>
                            </depends>
                        </customer_group>
                        <currency_enabled translate="label">
                            <label>Switch currencies</label>
                            <frontend_type>select</frontend_type>
                            <source_model>adminhtml/system_config_source_yesno</source_model>
                            <sort_order>40</sort_order>
                            <show_in_default>1</show_in_default>
                            <show_in_website>0</show_in_website>
                            <show_in_store>0</show_in_store>
                        </currency_enabled>
                        <currency translate="label">
                            <label>Currency</label>
                            <sort_order>50</sort_order>
                            <frontend_type>multiselect</frontend_type>
                            <source_model>adminhtml/system_config_source_currency</source_model>
                            <show_in_default>1</show_in_default>
                            <show_in_website>0</show_in_website>
                            <show_in_store>0</show_in_store>
                            <depends>
                                <currency_enabled>1</currency_enabled>
                            </depends>
                        </currency>
                        <store_enabled translate="label">
                            <label>Switch stores</label>
                            <frontend_type>select</frontend_type>
                            <source_model>adminhtml/system_config_source_yesno</source_model>
                            <sort_order>60</sort_order>
                            <show_in_default>1</show_in_default>
                            <show_in_website>0</show_in_website>
                            <show_in_store>0</show_in_store>
                        </store_enabled>
                        <store translate="label">
                            <label>Stores</label>
                            <sort_order>70</sort_order>
                            <frontend_type>multiselect</frontend_type>
                            <source_model>adminhtml/system_config_source_store</source_model>
                            <show_in_default>1</show_in_default>
                            <show_in_website>0</show_in_website>
                            <show_in_store>0</show_in_store>
                            <depends>
                                <store_enabled>1</store_enabled>
                            </depends>
                        </store>
                        <mobile translate="label">
                            <label>Process mobile view</label>
                            <frontend_type>select</frontend_type>
                            <source_model>adminhtml/system_config_source_yesno</source_model>
                            <sort_order>80</sort_order>
                            <show_in_default>1</show_in_default>
                            <show_in_website>0</show_in_website>
                            <show_in_store>0</show_in_store>
                        </mobile>
                    </fields>
                </processing>
                <options>
                    <label>Crawler Options</label>
                    <frontend_type>text</frontend_type>
                    <sort_order>20</sort_order>
                    <show_in_default>1</show_in_default>
                    <show_in_website>1</show_in_website>
                    <show_in_store>1</show_in_store>
                    <fields>
                        <accepted_status translate="label comment">
                            <label>Accepted URL Status</label>
                            <comment>Valid server response header for request</comment>
                            <frontend_type>text</frontend_type>
                            <sort_order>10</sort_order>
                            <show_in_default>1</show_in_default>
                            <show_in_website>0</show_in_website>
                            <show_in_store>0</show_in_store>
                        </accepted_status>
                        <mobile_agent translate="label comment">
                            <label>Mobile Agent</label>
                            <comment>This text will be sent as header on mobile request</comment>
                            <frontend_type>text</frontend_type>
                            <sort_order>30</sort_order>
                            <show_in_default>1</show_in_default>
                            <show_in_website>0</show_in_website>
                            <show_in_store>0</show_in_store>
                        </mobile_agent>
                    </fields>
                </options>
                <queue>
                    <label>Queue Options</label>
                    <frontend_type>text</frontend_type>
                    <sort_order>30</sort_order>
                    <show_in_default>1</show_in_default>
                    <show_in_website>1</show_in_website>
                    <show_in_store>1</show_in_store>
                    <fields>
                        <queue_limit>
                            <label>Queue Max Size</label>
                            <comment>Maximal number of rows in the query table</comment>
                            <frontend_type>text</frontend_type>
                            <sort_order>10</sort_order>
                            <show_in_default>1</show_in_default>
                            <show_in_website>0</show_in_website>
                            <show_in_store>0</show_in_store>
                        </queue_limit>
                        <process_limit>
                            <label>Queue Process Limit</label>
                            <comment>One cron run will process that number of rows</comment>
                            <frontend_type>text</frontend_type>
                            <sort_order>10</sort_order>
                            <show_in_default>1</show_in_default>
                            <show_in_website>0</show_in_website>
                            <show_in_store>0</show_in_store>
                        </process_limit>
                        <source>
                            <label>Query Generation Source</label>
                            <frontend_type>select</frontend_type>
                            <source_model>amfpccrawler/source_sources</source_model>
                            <sort_order>20</sort_order>
                            <show_in_default>1</show_in_default>
                            <show_in_website>0</show_in_website>
                            <show_in_store>0</show_in_store>
                            <comment>Links for query will be extracted from given source</comment>
                        </source>
                        <queue_file_path translate="label comment">
                            <label>Queue links file path</label>
                            <comment>
                                <![CDATA[Please, give the full path to file on server. <br/>Example: /var/www/sitename/var/tmp/queue_links.txt]]></comment>
                            <frontend_type>text</frontend_type>
                            <sort_order>30</sort_order>
                            <show_in_default>1</show_in_default>
                            <show_in_website>0</show_in_website>
                            <show_in_store>0</show_in_store>
                            <depends>
                                <source>file</source>
                            </depends>
                        </queue_file_path>
                    </fields>
                </queue>
                <log>
                    <label>Logging Options</label>
                    <frontend_type>text</frontend_type>
                    <sort_order>40</sort_order>
                    <show_in_default>1</show_in_default>
                    <show_in_website>1</show_in_website>
                    <show_in_store>1</show_in_store>
                    <fields>
                        <limit>
                            <label>Log Max Size</label>
                            <comment>Maximal number of rows in the log table</comment>
                            <frontend_type>text</frontend_type>
                            <sort_order>10</sort_order>
                            <show_in_default>1</show_in_default>
                            <show_in_website>0</show_in_website>
                            <show_in_store>0</show_in_store>
                        </limit>
                    </fields>
                </log>
                <process>
                    <label>Force cron job actions</label>
                    <frontend_type>text</frontend_type>
                    <sort_order>50</sort_order>
                    <show_in_default>1</show_in_default>
                    <show_in_website>1</show_in_website>
                    <show_in_store>1</show_in_store>
                    <fields>
                        <generate translate="label">
                            <label>Generate queue</label>
                            <frontend_type>button</frontend_type>
                            <frontend_model>amfpccrawler/adminhtml_ajaxGenerate</frontend_model>
                            <sort_order>10</sort_order>
                            <show_in_default>1</show_in_default>
                            <show_in_website>1</show_in_website>
                            <show_in_store>1</show_in_store>
                        </generate>
                        <process translate="label">
                            <label>Process queue</label>
                            <frontend_type>button</frontend_type>
                            <frontend_model>amfpccrawler/adminhtml_ajaxProcess</frontend_model>
                            <sort_order>20</sort_order>
                            <show_in_default>1</show_in_default>
                            <show_in_website>1</show_in_website>
                            <show_in_store>1</show_in_store>
                        </process>
                    </fields>
                </process>
                <advanced>
                    <label>Advanced</label>
                    <frontend_type>text</frontend_type>
                    <sort_order>60</sort_order>
                    <show_in_default>1</show_in_default>
                    <show_in_website>0</show_in_website>
                    <show_in_store>0</show_in_store>
                    <fields>
                        <http_auth translate="label">
                            <label>Use HTTP Authentication</label>
                            <comment>For example, in cases when website is protected with .htaccess</comment>
                            <frontend_type>select</frontend_type>
                            <source_model>adminhtml/system_config_source_yesno</source_model>
                            <sort_order>10</sort_order>
                            <show_in_default>1</show_in_default>
                            <show_in_website>0</show_in_website>
                            <show_in_store>0</show_in_store>
                        </http_auth>
                        <login>
                            <label>Login</label>
                            <frontend_type>text</frontend_type>
                            <sort_order>20</sort_order>
                            <show_in_default>1</show_in_default>
                            <show_in_website>0</show_in_website>
                            <show_in_store>0</show_in_store>
                            <depends>
                                <http_auth>1</http_auth>
                            </depends>
                        </login>
                        <password>
                            <label>Password</label>
                            <frontend_type>password</frontend_type>
                            <sort_order>30</sort_order>
                            <show_in_default>1</show_in_default>
                            <show_in_website>0</show_in_website>
                            <show_in_store>0</show_in_store>
                            <depends>
                                <http_auth>1</http_auth>
                            </depends>
                        </password>
                        <show_notifications translate="label">
                            <label>Show warnings and notifications</label>
                            <comment>Enables output of notifications and warnings about cron task execution time.</comment>
                            <frontend_type>select</frontend_type>
                            <source_model>adminhtml/system_config_source_yesno</source_model>
                            <sort_order>40</sort_order>
                            <show_in_default>1</show_in_default>
                            <show_in_website>0</show_in_website>
                            <show_in_store>0</show_in_store>
                        </show_notifications>
                        <debug translate="label">
                            <label>Debug mode</label>
                            <comment>Enables output of debug info into the logs.</comment>
                            <frontend_type>select</frontend_type>
                            <source_model>adminhtml/system_config_source_yesno</source_model>
                            <sort_order>50</sort_order>
                            <show_in_default>1</show_in_default>
                            <show_in_website>0</show_in_website>
                            <show_in_store>0</show_in_store>
                        </debug>
                    </fields>
                </advanced>
            </groups>
        </amfpccrawler>
    </sections>
</config>
